protocol,Model,rows,MSE,R2,RMSE,MAE
published (arXiv:2503.15177),LightGBM (paper),41368,20.59,0.76,,
"paper-style: complete rows, random 80/20",Linear Regression,41359,34.77450761581749,0.603813059113991,5.896991403742886,4.711445829719251
"paper-style: complete rows, random 80/20",Random Forest,41359,14.173712079813162,0.8385185006229674,3.7647990756231815,3.0314474443161736
"paper-style: complete rows, random 80/20",XGBoost (DeliverIQ tuned),41359,13.706561575968031,0.8438407594194536,3.702237374341093,2.9798449309005957
"paper-style: complete rows, random 80/20",LightGBM (DeliverIQ features),41359,13.6560544851347,0.8444161881223234,3.6954099211230544,2.975585042667432
"all rows, random 80/20",Linear Regression,45584,35.75179488666422,0.5946995702394333,5.979280465629976,4.7659558542180225
"all rows, random 80/20",Random Forest,45584,15.530353692174888,0.8239400554370494,3.9408569743362785,3.130133217457655
"all rows, random 80/20",XGBoost (DeliverIQ tuned),45584,15.408608754406961,0.8253202176290437,3.92538007770037,3.1215898248727507
"all rows, random 80/20",LightGBM (DeliverIQ features),45584,15.40112978738248,0.8254050029820252,3.924427319671302,3.1196941582773787
